City_ID,City,Country,Date,Lat,Lng,Max Temp,Humidity,Cloudiness,Wind Speed
0,Hambantota,LK,2021-08-01 09:02:55,6.1241,81.1185,95.34,52,20,17.27
1,East London,ZA,2021-08-01 09:02:55,-33.0153,27.9116,75.38,27,99,9.15
2,Cape Town,ZA,2021-08-01 08:58:44,-33.9258,18.4232,63.88,81,20,1.01
3,Rikitea,PF,2021-08-01 09:02:55,-23.1203,-134.9692,70.59,72,95,24.02
4,Kapaa,US,2021-08-01 09:02:56,22.0752,-159.319,77.11,82,50,3.0
5,Lorengau,PG,2021-08-01 09:02:56,-2.0226,147.2712,82.44,78,4,7.11
6,Pangody,RU,2021-08-01 09:02:56,65.85,74.4859,69.33,40,98,15.73
7,Kaitangata,NZ,2021-08-01 09:02:33,-46.2817,169.8464,47.89,96,100,2.66
8,Olafsvik,IS,2021-08-01 09:02:57,64.8945,-23.7142,52.92,96,100,5.35
9,Mecca,SA,2021-08-01 08:58:29,21.4267,39.8261,98.04,37,3,19.91
10,Port Alfred,ZA,2021-08-01 09:02:57,-33.5906,26.891,73.69,32,90,18.01
11,Pevek,RU,2021-08-01 09:02:57,69.7008,170.3133,33.55,93,96,17.72
12,Albany,US,2021-08-01 09:02:58,42.6001,-73.9662,59.31,87,48,3.38
13,Hilo,US,2021-08-01 09:02:58,19.7297,-155.09,74.93,86,90,0.0
14,Praia Da Vitoria,PT,2021-08-01 09:02:59,38.7333,-27.0667,73.76,87,29,13.2
15,Banepa,NP,2021-08-01 09:02:59,27.6298,85.5214,80.92,69,40,14.97
16,Susanville,US,2021-08-01 09:02:59,40.4163,-120.653,64.09,63,1,3.44
17,Peniche,PT,2021-08-01 09:03:00,39.3558,-9.3811,70.74,79,79,4.74
18,Rabo De Peixe,PT,2021-08-01 09:03:00,37.8,-25.5833,72.91,78,75,8.05
19,Jining,CN,2021-08-01 09:03:00,35.405,116.5814,90.0,1,13,7.11
20,Puerto Escondido,MX,2021-08-01 09:03:01,15.85,-97.0667,78.51,83,3,6.49
21,Busselton,AU,2021-08-01 09:03:01,-33.65,115.3333,53.1,61,9,16.04
22,Meulaboh,ID,2021-08-01 09:03:02,4.1363,96.1285,79.83,82,100,3.51
23,Auki,SB,2021-08-01 09:03:02,-8.7676,160.7034,77.09,86,100,8.88
24,Vardo,NO,2021-08-01 09:03:02,70.3705,31.1107,49.33,93,100,7.74
25,High Rock,BS,2021-08-01 09:03:03,26.6208,-78.2833,84.0,73,9,12.5
26,Qaanaaq,GL,2021-08-01 09:03:03,77.484,-69.3632,39.6,93,87,2.93
27,Cockburn Town,TC,2021-08-01 09:03:03,21.4612,-71.1419,82.15,79,9,20.85
28,Dongsheng,CN,2021-08-01 09:03:04,39.8161,109.9776,76.98,21,64,12.95
29,Coquimbo,CL,2021-08-01 09:01:52,-29.9533,-71.3436,55.94,72,4,1.66
30,Raudeberg,NO,2021-08-01 09:03:04,61.9875,5.1352,56.07,75,47,26.42
31,Chokurdakh,RU,2021-08-01 09:03:05,70.6333,147.9167,45.36,50,17,13.51
32,Mount Gambier,AU,2021-08-01 09:03:05,-37.8333,140.7667,44.65,97,62,5.3
33,Kyra,RU,2021-08-01 09:03:05,49.5776,111.9753,70.77,55,63,1.52
34,Bluff,NZ,2021-08-01 09:03:06,-46.6,168.3333,44.8,90,46,6.62
35,General Roca,AR,2021-08-01 09:03:06,-39.0333,-67.5833,43.63,58,11,7.85
36,Gore,NZ,2021-08-01 09:02:03,-46.1028,168.9436,44.22,98,99,2.82
37,Nikolskoye,RU,2021-08-01 09:03:06,59.7035,30.7861,67.89,87,91,9.04
38,Nuuk,GL,2021-08-01 09:03:07,64.1835,-51.7216,47.01,87,83,14.97
39,Gaya,IN,2021-08-01 09:03:07,24.7833,85.0,84.11,84,75,0.0
40,Lavrentiya,RU,2021-08-01 09:03:07,65.5833,-171.0,40.84,93,100,5.91
41,Hovd,MN,2021-08-01 09:03:08,48.0056,91.6419,61.16,52,100,3.85
42,Tourlaville,FR,2021-08-01 09:03:08,49.6383,-1.5664,60.66,94,75,8.05
43,Coahuayana,MX,2021-08-01 09:03:08,18.7333,-103.6833,76.19,91,89,3.42
44,Hualmay,PE,2021-08-01 09:03:09,-11.0964,-77.6139,61.9,88,85,7.45
45,Tuktoyaktuk,CA,2021-08-01 09:03:09,69.4541,-133.0374,59.85,64,55,16.28
46,Paamiut,GL,2021-08-01 09:03:09,61.994,-49.6678,45.27,79,100,4.79
47,Sobolevo,RU,2021-08-01 09:03:10,54.4299,31.8996,68.29,82,100,11.16
48,Hobart,AU,2021-08-01 08:58:28,-42.8794,147.3294,44.06,75,20,4.0
49,Dakar,SN,2021-08-01 09:00:11,14.6937,-17.4441,79.68,79,79,7.2
50,Lillooet,CA,2021-08-01 09:03:10,50.6856,-121.942,68.72,62,93,2.39
51,Bredasdorp,ZA,2021-08-01 09:03:10,-34.5322,20.0403,60.28,73,61,12.59
52,Yellowknife,CA,2021-08-01 09:00:17,62.456,-114.3525,66.56,72,5,8.01
53,Nioro,GM,2021-08-01 09:03:11,13.35,-15.75,77.99,84,100,2.42
54,Kiunga,PG,2021-08-01 09:03:11,-6.1219,141.2906,76.77,90,82,3.74
55,Garowe,SO,2021-08-01 09:03:11,8.4054,48.4845,90.25,26,97,31.41
56,Kiama,AU,2021-08-01 09:03:12,-34.6833,150.8667,55.99,88,100,3.0
57,Goderich,CA,2021-08-01 09:03:12,43.7501,-81.7165,65.91,88,68,6.89
58,Ponta Do Sol,PT,2021-08-01 09:03:12,32.6667,-17.1,74.71,71,8,5.84
59,Victoria,HK,2021-08-01 09:01:10,22.2855,114.1577,85.96,86,100,1.01
60,Melbu,NO,2021-08-01 09:03:13,68.5044,14.8297,53.31,66,40,5.75
61,Nexo,DK,2021-08-01 09:03:13,55.0607,15.1306,66.29,69,78,17.67
62,New Norfolk,AU,2021-08-01 09:03:13,-42.7826,147.0587,43.72,72,17,1.99
63,Chingirlau,KZ,2021-08-01 09:03:14,51.095,54.0814,95.74,22,79,11.48
64,Puerto Ayora,EC,2021-08-01 09:03:14,-0.7393,-90.3518,71.55,86,15,8.01
65,Mayo,US,2021-08-01 09:03:14,38.8876,-76.5119,73.17,93,100,6.53
66,Barrow,US,2021-08-01 09:01:35,71.2906,-156.7887,48.22,85,20,9.22
67,Hamilton,US,2021-08-01 09:01:44,39.1834,-84.5333,61.74,93,63,1.01
68,Xihua,CN,2021-08-01 09:03:15,33.7833,114.5167,92.62,64,49,5.61
69,Kayerkan,RU,2021-08-01 09:03:15,69.3497,87.7602,52.52,85,98,11.05
70,Mahebourg,MU,2021-08-01 09:03:16,-20.4081,57.7,74.25,63,3,19.46
71,Narsaq,GL,2021-08-01 09:03:16,60.9167,-46.05,64.62,69,100,0.04
72,Sioux Lookout,CA,2021-08-01 09:03:16,50.1001,-91.917,50.14,85,48,4.0
73,Egvekinot,RU,2021-08-01 09:03:16,66.3167,-179.1667,40.73,66,94,1.54
74,Yar-Sale,RU,2021-08-01 09:03:17,66.8333,70.8333,65.07,54,100,12.26
75,Ascension,US,2021-08-01 09:03:17,30.2169,-90.9001,78.01,98,1,0.0
76,Ca Mau,VN,2021-08-01 09:01:15,9.1769,105.15,86.74,64,88,12.75
77,Dobryanka,RU,2021-08-01 09:03:18,58.4619,56.4165,71.46,74,7,10.49
78,Souillac,MU,2021-08-01 09:03:18,-20.5167,57.5167,74.35,61,0,18.77
79,Saint-Philippe,RE,2021-08-01 09:03:18,-21.3585,55.7679,76.59,79,38,16.04
80,Constitucion,CL,2021-08-01 09:03:19,-35.3333,-72.4167,48.69,74,0,7.0
81,San Luis,AR,2021-08-01 09:01:30,-33.295,-66.3356,44.85,40,0,7.99
82,Thompson,CA,2021-08-01 09:03:19,55.7435,-97.8558,55.94,80,9,3.67
83,Tuatapere,NZ,2021-08-01 09:03:19,-46.1333,167.6833,44.82,94,67,3.65
84,Shar,KZ,2021-08-01 09:03:20,49.5886,81.0453,88.99,17,2,7.02
85,Ushuaia,AR,2021-08-01 09:01:55,-54.8,-68.3,35.42,93,31,5.61
86,Spydeberg,NO,2021-08-01 09:03:20,59.6171,11.0856,63.32,86,100,5.01
87,Leningradskiy,RU,2021-08-01 09:03:20,69.3833,178.4167,34.68,96,99,15.52
88,Punta Arenas,CL,2021-08-01 09:00:48,-53.15,-70.9167,42.12,75,95,13.13
89,Pacific Grove,US,2021-08-01 09:03:21,36.6177,-121.9166,60.48,92,19,1.99
90,Baindur,IN,2021-08-01 09:03:21,13.8667,74.6333,81.54,80,100,11.92
91,Eyl,SO,2021-08-01 09:03:22,7.9803,49.8164,91.49,35,99,27.94
92,Lagoa,PT,2021-08-01 09:03:22,39.05,-27.9833,70.97,89,20,13.76
93,Axim,GH,2021-08-01 09:03:22,4.8699,-2.2405,79.97,74,74,7.25
94,Tasiilaq,GL,2021-08-01 09:03:23,65.6145,-37.6368,46.56,78,15,0.04
95,Oskemen,KZ,2021-08-01 09:03:23,49.9565,82.6119,87.76,22,3,4.47
96,Huescar,ES,2021-08-01 09:03:23,37.811,-2.5412,76.26,31,39,4.18
97,Mataura,NZ,2021-08-01 09:03:23,-46.1927,168.8643,44.47,98,100,2.48
98,Lebu,CL,2021-08-01 09:03:24,-37.6167,-73.65,45.73,72,10,15.14
99,Sumbe,AO,2021-08-01 09:03:24,-11.2061,13.8437,75.56,71,64,6.49
100,Castro,BR,2021-08-01 09:03:24,-24.7911,-50.0119,44.1,92,100,3.6
101,Bandarbeyla,SO,2021-08-01 09:03:25,9.4942,50.8122,90.66,41,67,26.64
102,Shalinskoye,RU,2021-08-01 09:03:25,55.7228,93.7594,68.74,64,56,6.8
103,Ilulissat,GL,2021-08-01 09:03:25,69.2167,-51.1,46.42,93,75,0.0
104,Grindavik,IS,2021-08-01 09:03:26,63.8424,-22.4338,54.55,100,90,4.61
105,Kungurtug,RU,2021-08-01 09:03:26,50.5994,97.5228,53.15,97,100,4.16
106,Tiksi,RU,2021-08-01 09:03:26,71.6872,128.8694,48.31,72,2,5.46
107,Montrose,US,2021-08-01 09:03:27,38.4166,-108.2673,54.97,78,100,2.15
108,Clyde River,CA,2021-08-01 09:03:27,70.4692,-68.5914,37.63,100,90,6.91
109,Kharp,RU,2021-08-01 09:03:27,66.8014,65.8081,51.84,93,100,6.6
110,Muisne,EC,2021-08-01 09:03:28,0.6,-80.0333,74.82,89,100,12.91
111,Mildura,AU,2021-08-01 09:00:09,-34.2,142.15,51.08,70,7,5.61
112,Jamestown,US,2021-08-01 08:59:51,42.097,-79.2353,63.72,93,37,1.01
113,Kirakira,SB,2021-08-01 09:03:28,-10.4544,161.9205,75.27,81,100,7.29
114,Tutoia,BR,2021-08-01 09:03:29,-2.7619,-42.2744,71.28,92,99,7.72
115,Vagur,FO,2021-08-01 09:03:29,61.4732,-6.8119,49.53,76,100,7.92
116,San Joaquin,US,2021-08-01 09:03:29,37.9333,-121.3011,74.35,68,1,5.75
117,Karratha,AU,2021-08-01 09:03:30,-20.7377,116.8463,71.13,41,6,13.13
118,Luorong,CN,2021-08-01 09:03:30,24.4058,109.6086,90.18,64,100,3.49
119,Otradnoye,RU,2021-08-01 09:03:30,59.7775,30.8181,68.05,87,93,8.59
120,Port Elizabeth,ZA,2021-08-01 09:02:54,-33.918,25.5701,66.09,77,40,20.71
121,Hermanus,ZA,2021-08-01 09:03:31,-34.4187,19.2345,60.8,80,56,13.06
122,Ust-Nera,RU,2021-08-01 09:03:31,64.5667,143.2,59.7,45,2,9.86
123,Kaeo,NZ,2021-08-01 09:02:30,-35.1,173.7833,51.33,86,11,4.07
124,Katherine,AU,2021-08-01 09:03:31,-14.4667,132.2667,91.72,22,5,8.05
125,Bengkulu,ID,2021-08-01 09:03:32,-3.8004,102.2655,81.16,82,86,7.63
126,Hoi An,VN,2021-08-01 08:59:53,15.8794,108.335,98.56,62,100,8.61
127,Buraydah,SA,2021-08-01 09:03:32,26.326,43.975,106.27,8,1,7.34
128,Sudislavl,RU,2021-08-01 09:03:32,57.8817,41.7083,76.3,45,100,8.81
129,Kalmunai,LK,2021-08-01 09:03:33,7.4167,81.8167,89.33,57,99,13.33
130,Cherskiy,RU,2021-08-01 09:03:33,68.75,161.3,39.96,65,98,19.55
131,Kaseda,JP,2021-08-01 09:03:33,31.4167,130.3167,81.63,79,95,8.88
132,Maceio,BR,2021-08-01 09:03:34,-9.6658,-35.7353,74.28,81,81,19.77
133,Sitges,ES,2021-08-01 09:03:34,41.2351,1.8119,73.85,47,83,1.01
134,Clarksville,US,2021-08-01 09:03:34,36.5298,-87.3595,74.14,96,90,8.05
135,Hithadhoo,MV,2021-08-01 09:03:34,-0.6,73.0833,82.18,69,97,4.59
136,Dikson,RU,2021-08-01 09:03:35,73.5069,80.5464,41.32,99,100,6.49
137,Honiara,SB,2021-08-01 09:03:35,-9.4333,159.95,77.09,86,100,2.46
138,Butaritari,KI,2021-08-01 09:03:35,3.0707,172.7902,83.5,69,20,7.07
139,Kendari,ID,2021-08-01 09:03:36,-3.945,122.4989,79.97,87,77,2.73
140,Upernavik,GL,2021-08-01 09:03:36,72.7868,-56.1549,44.73,73,100,6.29
141,Siatista,GR,2021-08-01 09:03:36,40.2619,21.5442,96.96,11,0,3.56
142,Kamina,CD,2021-08-01 09:03:37,-8.7386,24.9906,78.21,28,19,10.71
143,Geraldton,AU,2021-08-01 09:03:37,-28.7667,114.6,62.13,63,75,19.57
144,Balikpapan,ID,2021-08-01 09:01:53,-1.2675,116.8289,81.59,89,40,5.75
145,Labuhan,ID,2021-08-01 09:03:37,-6.8844,112.2051,86.23,58,26,3.87
146,Montevideo,UY,2021-08-01 08:59:12,-34.8335,-56.1674,43.83,100,0,3.44
147,Udachnyy,RU,2021-08-01 09:03:38,66.4167,112.4,82.04,23,0,4.18
148,Ketchikan,US,2021-08-01 09:03:38,55.3422,-131.6461,57.67,100,90,4.61
149,Kodiak,US,2021-08-01 09:03:38,57.79,-152.4072,53.24,96,85,3.36
150,Kruisfontein,ZA,2021-08-01 09:03:39,-34.0033,24.7314,63.88,48,85,11.45
151,Makubetsu,JP,2021-08-01 09:03:39,45.3714,141.8211,67.12,88,98,22.41
152,Venezuela,VE,2021-08-01 09:03:39,8.0,-66.0,74.66,91,89,6.85
153,Dalmeny,CA,2021-08-01 09:03:40,52.3334,-106.7679,64.67,59,0,3.24
154,Jonkoping,SE,2021-08-01 09:03:40,57.7814,14.1562,64.69,67,40,18.41
155,Lanzhou,CN,2021-08-01 09:03:40,36.0564,103.7922,96.69,15,12,10.74
156,Bilibino,RU,2021-08-01 09:03:41,68.0546,166.4372,42.13,55,95,10.54
157,Jinchang,CN,2021-08-01 09:03:41,38.4953,102.1739,91.51,18,57,16.46
158,Riohacha,CO,2021-08-01 09:03:41,11.5444,-72.9072,79.72,83,9,13.29
159,Waipawa,NZ,2021-08-01 09:03:42,-41.4122,175.5153,47.03,92,100,3.09
160,La Macarena,CO,2021-08-01 09:03:42,2.1837,-73.7849,68.47,97,100,2.48
161,Westport,US,2021-08-01 09:01:49,41.1415,-73.3579,67.17,90,7,3.0
162,Rozivka,UA,2021-08-01 09:03:42,46.9385,35.7724,88.7,36,1,4.23
163,Saint-Jean-De-Luz,FR,2021-08-01 09:03:43,43.3891,-1.6581,68.23,86,75,3.44
164,Abalak,RU,2021-08-01 09:03:43,58.1286,68.5944,68.38,86,100,7.0
165,Ulaangom,MN,2021-08-01 09:03:44,49.9811,92.0667,72.88,34,100,10.09
166,Amapa,BR,2021-08-01 09:03:44,1.0,-52.0,69.39,99,66,1.95
167,Ostrovnoy,RU,2021-08-01 09:03:44,68.0531,39.5131,54.18,70,25,2.8
168,Kudat,MY,2021-08-01 09:03:45,6.8837,116.8477,85.68,73,84,15.08
169,Tual,ID,2021-08-01 09:03:45,-5.6667,132.75,81.79,77,63,9.75
170,Gua Musang,MY,2021-08-01 09:03:45,4.8823,101.9644,86.38,64,77,1.14
171,Jardim,BR,2021-08-01 09:03:35,-21.4803,-56.1381,60.64,59,100,4.63
172,Kavieng,PG,2021-08-01 09:03:46,-2.5744,150.7967,82.63,73,5,5.41
173,Krasnoselkup,RU,2021-08-01 09:03:46,65.7,82.4667,68.43,42,92,5.41
174,Husavik,IS,2021-08-01 09:03:47,66.0449,-17.3389,54.91,65,99,4.34
175,Airai,TL,2021-08-01 09:03:47,-8.9266,125.4092,67.5,61,39,1.88
176,Khatanga,RU,2021-08-01 09:03:47,71.9667,102.5,68.43,55,99,8.59
177,Semirom,IR,2021-08-01 09:03:48,31.4167,51.5667,83.01,17,43,3.96
178,Torbay,CA,2021-08-01 09:03:48,47.6666,-52.7314,60.67,88,75,11.5
179,Atuona,PF,2021-08-01 09:03:49,-9.8,-139.0333,77.38,64,91,13.65
180,Lasem,ID,2021-08-01 09:03:49,-6.6922,111.4527,85.12,62,49,9.15
181,Channel-Port Aux Basques,CA,2021-08-01 09:03:49,47.5702,-59.1367,59.31,89,24,15.17
182,Manzhouli,CN,2021-08-01 09:03:50,49.6,117.4333,70.27,43,80,6.02
183,Mahanje,TZ,2021-08-01 09:03:50,-9.9333,35.3333,65.23,64,100,2.1
184,Ilhabela,BR,2021-08-01 09:03:50,-23.7781,-45.3581,59.29,84,100,3.67
185,Grajau,BR,2021-08-01 09:03:51,-5.8194,-46.1386,73.83,66,74,8.14
186,Vaini,TO,2021-08-01 09:03:51,-21.2,-175.2,71.76,83,40,26.46
187,Saint-Georges,GD,2021-08-01 09:03:51,12.0564,-61.7485,80.15,82,15,13.89
188,Sorland,NO,2021-08-01 09:03:52,67.667,12.6934,48.27,71,66,10.49
189,Finschhafen,PG,2021-08-01 09:03:52,-6.6024,147.8681,77.77,86,100,6.98
190,Senador Jose Porfirio,BR,2021-08-01 09:03:52,-2.5908,-51.9542,71.78,95,90,2.3
191,Bay Roberts,CA,2021-08-01 09:03:53,47.5999,-53.2648,61.43,91,34,5.99
192,Severo-Kurilsk,RU,2021-08-01 09:03:53,50.6789,156.125,51.46,81,82,18.61
193,Male,MV,2021-08-01 09:03:53,4.1748,73.5089,82.92,71,76,7.81
194,Itatiaia,BR,2021-08-01 09:03:54,-22.4961,-44.5633,51.42,96,89,1.68
195,Georgetown,MY,2021-08-01 09:03:54,5.4112,100.3354,80.53,83,20,5.75
196,Saint George,US,2021-08-01 09:03:54,37.1041,-113.5841,79.63,57,1,1.99
197,Aklavik,CA,2021-08-01 09:03:54,68.2191,-135.0107,67.3,51,100,9.31
198,Saint Anthony,US,2021-08-01 09:00:14,45.0205,-93.218,65.93,70,1,1.99
199,Mariel,CU,2021-08-01 09:03:55,22.9875,-82.7536,75.34,80,37,3.85
200,Kutum,SD,2021-08-01 09:03:55,14.2,24.6667,81.0,53,46,12.62
201,Sitka,US,2021-08-01 09:03:56,57.0531,-135.33,60.75,93,92,0.98
202,Deputatskiy,RU,2021-08-01 09:03:56,69.3,139.9,50.83,54,13,12.68
203,Ancud,CL,2021-08-01 09:03:56,-41.8697,-73.8203,38.71,84,47,2.68
204,Makakilo City,US,2021-08-01 09:03:57,21.3469,-158.0858,76.57,68,13,20.38
205,Arraial Do Cabo,BR,2021-08-01 09:03:57,-22.9661,-42.0278,65.97,59,96,14.72
206,Ardakan,IR,2021-08-01 09:03:57,32.31,54.0175,98.56,12,85,4.56
207,Sangar,RU,2021-08-01 09:03:58,63.9242,127.4739,82.54,34,0,7.09
208,Ahipara,NZ,2021-08-01 09:03:58,-35.1667,173.1667,51.91,85,0,4.88
209,Namatanai,PG,2021-08-01 09:03:58,-3.6667,152.4333,78.84,81,13,6.96
210,Manaus,BR,2021-08-01 09:03:59,-3.1019,-60.025,77.49,83,20,3.44
211,Grand Gaube,MU,2021-08-01 09:03:59,-20.0064,57.6608,74.37,62,1,10.0
212,Ossora,RU,2021-08-01 09:03:59,59.2353,163.0719,54.88,61,99,6.69
213,Temir,KZ,2021-08-01 09:04:00,49.1414,57.13,97.54,11,0,7.85
214,Iranshahr,IR,2021-08-01 09:04:00,27.2025,60.6848,108.3,13,4,8.7
215,Lasa,IT,2021-08-01 09:04:00,46.6166,10.7002,61.02,83,99,1.7
216,Gat,IL,2021-08-01 09:04:01,31.61,34.7642,96.4,27,0,9.42
217,Flinders,AU,2021-08-01 09:04:01,-34.5833,150.8552,57.2,87,99,7.0
218,Harper,LR,2021-08-01 09:04:02,4.375,-7.7169,78.21,78,98,10.74
219,Aleksandrov Gay,RU,2021-08-01 09:04:02,50.147,48.5704,97.07,14,99,1.61
220,Port Hedland,AU,2021-08-01 09:04:02,-20.3167,118.5667,80.65,29,4,6.91
221,Dobrinka,RU,2021-08-01 09:04:03,52.1653,40.4731,87.78,33,11,6.26
222,Eydhafushi,MV,2021-08-01 09:04:03,5.1033,73.0708,82.67,75,82,10.42
223,Fort Nelson,CA,2021-08-01 09:00:16,58.8053,-122.7002,63.05,69,2,1.5
224,Kushiro,JP,2021-08-01 09:04:04,42.975,144.3747,72.55,100,75,8.05
225,Luderitz,NA,2021-08-01 09:04:04,-26.6481,15.1594,76.3,25,0,10.16
226,Neon Karlovasion,GR,2021-08-01 09:04:04,37.7903,26.7044,101.5,43,0,7.09
227,Carnarvon,AU,2021-08-01 09:04:05,-24.8667,113.6333,65.97,61,14,18.12
228,Ghanzi,BW,2021-08-01 09:04:05,-21.5667,21.7833,65.61,38,0,11.52
229,Mandla,IN,2021-08-01 09:04:06,22.6,80.3833,73.67,94,100,12.01
230,Caucaia,BR,2021-08-01 09:04:06,-3.7361,-38.6531,75.15,75,0,9.22
231,Bethal,ZA,2021-08-01 09:04:06,-26.4579,29.4655,62.53,17,5,8.12
232,Bambous Virieux,MU,2021-08-01 09:04:06,-20.3428,57.7575,74.21,64,5,19.24
233,Murgab,TM,2021-08-01 09:04:07,37.4966,61.9714,101.07,8,0,13.56
234,Pedernales,DO,2021-08-01 09:04:07,18.0384,-71.744,80.76,75,59,5.28
235,Gaomi,CN,2021-08-01 09:04:07,36.3833,119.7528,88.41,62,58,1.97
236,Port Lincoln,AU,2021-08-01 09:04:08,-34.7333,135.8667,53.33,74,6,13.24
237,Kavaratti,IN,2021-08-01 09:04:08,10.5669,72.642,82.51,76,93,15.7
238,Charters Towers,AU,2021-08-01 09:04:09,-20.1,146.2667,72.32,61,53,13.38
239,Iqaluit,CA,2021-08-01 09:04:09,63.7506,-68.5145,50.7,66,89,7.38
240,Acajutla,SV,2021-08-01 09:04:09,13.5928,-89.8275,77.81,76,85,5.19
241,Corrales,US,2021-08-01 09:04:09,35.2378,-106.6067,69.67,72,40,1.99
242,Guaruja,BR,2021-08-01 09:04:10,-23.9931,-46.2564,61.16,26,100,4.7
243,Waingapu,ID,2021-08-01 09:04:10,-9.6567,120.2641,82.36,65,51,8.59
244,Maniitsoq,GL,2021-08-01 09:04:10,65.4167,-52.9,49.8,69,20,9.17
245,Rimini,IT,2021-08-01 09:04:11,44.0241,12.5186,86.45,66,20,8.01
246,Paita,PE,2021-08-01 09:04:11,-5.0892,-81.1144,64.09,86,4,9.98
247,Caravelas,BR,2021-08-01 09:04:11,-17.7125,-39.2481,68.27,67,72,12.19
248,Portland,US,2021-08-01 09:02:28,45.5234,-122.6762,71.15,77,1,3.44
249,Hasaki,JP,2021-08-01 09:04:12,35.7333,140.8333,84.29,83,8,9.69
250,Ewo,CG,2021-08-01 09:04:12,-0.8725,14.8206,87.31,43,99,7.18
251,Jumla,NP,2021-08-01 09:04:13,29.2747,82.1838,71.42,80,98,4.5
252,Verkhnyaya Toyma,RU,2021-08-01 09:04:13,62.2349,44.9985,71.35,55,38,7.29
253,Northam,GB,2021-08-01 09:04:13,51.0333,-4.2167,64.38,93,86,7.4
254,Mersing,MY,2021-08-01 09:04:13,2.4312,103.8405,87.75,63,94,7.61
255,Acapulco,MX,2021-08-01 09:04:14,16.8634,-99.8901,76.37,93,100,9.64
256,Siderno,IT,2021-08-01 09:04:14,38.2779,16.302,100.58,35,6,5.17
257,Morondava,MG,2021-08-01 09:04:14,-20.2833,44.2833,77.34,48,0,8.77
258,Beatrice,US,2021-08-01 09:04:15,40.2681,-96.747,68.45,100,40,4.61
259,Tura,IN,2021-08-01 09:04:15,25.5198,90.2201,81.52,81,99,7.36
260,Yulara,AU,2021-08-01 09:04:15,-25.2406,130.9889,67.08,34,0,9.8
261,Ramon,PH,2021-08-01 09:04:16,16.7842,121.535,89.13,73,100,3.56
262,Baculin,PH,2021-08-01 09:04:16,7.4525,126.5842,83.88,82,91,8.14
263,Kudahuvadhoo,MV,2021-08-01 09:04:16,2.6708,72.8944,82.69,70,87,4.25
264,Karabanovo,RU,2021-08-01 09:04:17,56.3167,38.7,76.86,42,97,8.9
265,Sampit,ID,2021-08-01 09:04:17,-2.5333,112.95,83.62,73,67,2.53
266,Nanortalik,GL,2021-08-01 09:04:17,60.1432,-45.2371,49.17,84,100,18.23
267,Aksarka,RU,2021-08-01 09:04:18,66.5606,67.7975,54.82,87,100,7.45
268,Pangnirtung,CA,2021-08-01 09:04:18,66.1451,-65.7125,48.49,74,35,3.49
269,Ibipeba,BR,2021-08-01 09:04:18,-11.6408,-42.0111,61.0,83,70,12.53
270,Kurilsk,RU,2021-08-01 09:04:19,45.2333,147.8833,59.9,94,93,10.47
271,Avarua,CK,2021-08-01 09:04:19,-21.2078,-159.775,77.05,73,100,16.11
272,Los Llanos De Aridane,ES,2021-08-01 09:04:19,28.6585,-17.9182,69.12,86,40,19.57
273,Asau,RO,2021-08-01 09:04:20,46.4333,26.4,87.76,49,0,1.36
274,Luena,AO,2021-08-01 09:04:20,-11.7833,19.9167,72.95,28,0,10.47
275,Erenhot,CN,2021-08-01 09:04:20,43.6475,111.9767,76.95,23,0,11.52
276,Sistranda,NO,2021-08-01 09:04:21,63.7256,8.834,51.91,75,100,12.17
277,Codrington,AU,2021-08-01 09:04:21,-38.2667,141.9667,45.52,93,62,7.76
278,Chumikan,RU,2021-08-01 09:04:21,54.7183,135.315,56.73,70,85,6.44
279,Rocha,UY,2021-08-01 09:00:27,-34.4833,-54.3333,42.22,91,0,2.44
280,Nador,MA,2021-08-01 09:04:22,35.174,-2.9287,79.05,29,0,13.8
281,Vestmannaeyjar,IS,2021-08-01 09:04:22,63.4427,-20.2734,54.59,94,90,5.75
282,Pangkalanbuun,ID,2021-08-01 09:04:22,-2.6833,111.6167,82.9,81,68,1.57
283,Ust-Koksa,RU,2021-08-01 09:04:23,50.2696,85.6108,75.52,32,60,4.43
284,Lotofaga,WS,2021-08-01 09:04:23,-13.9764,-171.8578,82.15,77,98,19.51
285,Faanui,PF,2021-08-01 09:04:23,-16.4833,-151.75,77.13,68,87,14.99
286,Vermillion,US,2021-08-01 09:04:23,42.7794,-96.9292,64.02,51,0,6.69
287,Sainte-Anne-Des-Monts,CA,2021-08-01 09:04:24,49.124,-66.4924,55.67,88,95,14.47
288,Canutama,BR,2021-08-01 09:04:24,-6.5339,-64.3831,66.42,59,2,3.15
289,Nautla,MX,2021-08-01 09:04:24,20.2167,-96.7833,75.42,87,5,5.46
290,Along,IN,2021-08-01 09:04:25,28.1667,94.7667,85.17,80,49,2.89
291,Turan,VN,2021-08-01 09:04:25,16.0678,108.2208,98.65,47,40,5.75
292,Saldanha,ZA,2021-08-01 09:04:25,-33.0117,17.9442,59.81,82,48,7.31
293,Muriti,TZ,2021-08-01 09:04:26,-1.9833,32.9167,73.17,50,47,18.3
294,Derbent,RU,2021-08-01 09:04:26,42.0678,48.2899,85.57,57,23,11.23
295,Tessalit,ML,2021-08-01 09:04:26,20.1986,1.0114,91.81,32,89,16.33
296,Trelew,AR,2021-08-01 09:04:27,-43.249,-65.3051,42.21,58,70,10.74
297,San-Pedro,CI,2021-08-01 09:04:27,4.7485,-6.6363,76.71,87,100,6.76
298,Gravdal,NO,2021-08-01 09:04:27,68.1214,13.5031,48.09,76,40,4.61
299,Pahalgam,IN,2021-08-01 09:04:28,34.0333,75.3333,71.31,68,27,8.1
300,Matay,EG,2021-08-01 09:04:28,28.419,30.7792,99.57,19,0,7.09
301,Umm Kaddadah,SD,2021-08-01 09:04:28,13.6017,26.6876,87.31,44,35,16.96
302,Killarney,IE,2021-08-01 09:02:12,52.05,-9.5167,57.25,77,75,4.61
303,Kpandae,GH,2021-08-01 09:04:29,8.4689,-0.0113,78.28,76,100,8.12
304,Hvide Sande,DK,2021-08-01 09:04:29,56.0045,8.1294,64.98,65,26,21.09
305,Sur,OM,2021-08-01 09:04:29,22.5667,59.5289,99.43,41,87,3.6
306,Mar Del Plata,AR,2021-08-01 09:00:00,-38.0023,-57.5575,43.12,30,90,1.99
307,Kahului,US,2021-08-01 09:04:30,20.8947,-156.47,75.22,76,1,18.41
308,Novoilinsk,RU,2021-08-01 09:04:30,51.6829,108.7143,78.69,33,9,7.0
309,Inuvik,CA,2021-08-01 09:04:30,68.3499,-133.7218,64.81,57,80,10.31
310,Biak,ID,2021-08-01 09:04:31,-0.9131,122.8766,80.28,79,100,7.38
311,Ciro Marina,IT,2021-08-01 09:04:31,39.3732,17.126,89.2,48,16,10.18
312,Provideniya,RU,2021-08-01 09:04:31,64.3833,-173.3,44.1,80,100,4.7
313,Mainz,DE,2021-08-01 09:04:32,50.0,8.2711,71.62,65,75,1.99
314,Weatherford,US,2021-08-01 09:02:00,32.7593,-97.7972,82.38,83,28,6.24
315,Te Anau,NZ,2021-08-01 09:04:32,-45.4167,167.7167,44.38,94,48,1.48
316,Talnakh,RU,2021-08-01 09:04:33,69.4865,88.3972,52.59,93,100,9.93
317,Alice,US,2021-08-01 09:04:33,27.7523,-98.0697,80.38,100,1,5.75
318,Dunda,TZ,2021-08-01 09:04:33,-8.1167,34.25,71.87,46,88,11.92
319,Mehamn,NO,2021-08-01 09:04:34,71.0357,27.8492,46.13,95,100,9.73
320,Verkhoyansk,RU,2021-08-01 09:04:34,67.5447,133.385,71.01,33,1,12.06
321,Belyy Yar,RU,2021-08-01 09:04:34,53.6039,91.3903,73.29,56,0,2.24
322,Koscierzyna,PL,2021-08-01 09:04:35,54.1223,17.9812,73.29,52,92,9.82
323,Sovetskiy,RU,2021-08-01 09:04:35,61.3614,63.5842,65.35,88,100,4.43
324,Baghdad,IQ,2021-08-01 09:03:11,33.3406,44.4009,114.06,8,7,7.92
325,Haines Junction,CA,2021-08-01 09:04:35,60.7522,-137.5108,55.22,71,14,3.02
326,Thinadhoo,MV,2021-08-01 09:04:36,0.5333,72.9333,81.95,70,79,1.16
327,Port-Cartier,CA,2021-08-01 09:02:19,50.0334,-66.8654,55.74,85,68,6.98
328,Vila Franca Do Campo,PT,2021-08-01 09:04:36,37.7167,-25.4333,73.81,82,71,6.26
329,Ribeira Grande,PT,2021-08-01 09:04:36,38.5167,-28.7,72.0,83,40,0.0
330,Richards Bay,ZA,2021-08-01 09:04:37,-28.783,32.0377,76.98,26,0,6.58
331,Alpena,US,2021-08-01 09:04:37,45.0617,-83.4327,62.11,94,20,4.61
332,Severo-Yeniseyskiy,RU,2021-08-01 09:04:37,60.3725,93.0408,75.79,29,28,2.68
333,Henties Bay,NA,2021-08-01 09:04:38,-22.116,14.2845,80.01,24,0,24.96
334,Karasburg,NA,2021-08-01 09:04:38,-28.0167,18.75,69.46,18,0,7.47
335,Jalu,LY,2021-08-01 09:04:38,29.0331,21.5482,98.98,11,0,6.06
336,Saravan,AM,2021-08-01 09:04:39,39.7196,45.6483,79.45,39,30,6.29
337,Calvinia,ZA,2021-08-01 09:04:39,-31.4707,19.776,69.62,18,0,11.5
338,Isangel,VU,2021-08-01 09:04:39,-19.55,169.2667,69.6,60,0,16.15
339,Kieta,PG,2021-08-01 09:04:40,-6.2167,155.6333,78.98,86,100,8.03
340,Chuy,UY,2021-08-01 09:04:40,-33.6971,-53.4616,45.21,94,0,2.89
341,Talara,PE,2021-08-01 09:04:40,-4.5772,-81.2719,64.56,85,3,15.21
342,Palmer,US,2021-08-01 09:04:41,42.1584,-72.3287,57.42,83,1,0.0
343,Sao Joao Da Barra,BR,2021-08-01 09:04:13,-21.6403,-41.0511,65.48,60,100,9.82
344,Ginda,IN,2021-08-01 09:04:41,30.6945,78.4932,75.87,79,64,4.09
345,Esperance,AU,2021-08-01 09:04:42,-33.8667,121.9,48.04,67,88,23.78
346,Zeya,RU,2021-08-01 09:04:42,53.75,127.2667,52.66,98,100,4.29
347,Acarau,BR,2021-08-01 09:04:42,-2.8856,-40.12,75.06,81,100,13.71
348,Opuwo,NA,2021-08-01 09:04:42,-18.0607,13.84,69.39,24,0,20.4
349,Lerwick,GB,2021-08-01 09:04:16,60.1545,-1.1494,51.8,74,39,18.16
350,Hami,CN,2021-08-01 09:04:43,42.8,93.45,69.44,51,91,18.28
351,Port Hardy,CA,2021-08-01 09:04:43,50.6996,-127.4199,57.52,95,14,6.31
352,Sao Filipe,CV,2021-08-01 09:04:44,14.8961,-24.4956,74.93,83,63,7.76
353,Samarai,PG,2021-08-01 09:04:44,-10.6167,150.6667,77.36,62,98,11.74
354,Tamandare,BR,2021-08-01 09:04:44,-8.7597,-35.1047,73.92,85,57,16.35
355,Qasigiannguit,GL,2021-08-01 09:04:45,68.8193,-51.1922,46.65,76,51,3.47
356,Satkhira,BD,2021-08-01 09:04:45,22.7167,89.1,91.4,88,100,8.68
357,Beira,MZ,2021-08-01 09:04:45,-19.8436,34.8389,73.49,73,20,6.91
358,Akyab,MM,2021-08-01 09:04:45,20.15,92.9,81.97,86,100,10.76
359,Quatre Cocos,MU,2021-08-01 09:04:46,-20.2078,57.7625,74.08,63,6,19.17
360,Calabozo,VE,2021-08-01 09:04:46,8.9242,-67.4293,71.06,97,97,1.52
361,Yankton,US,2021-08-01 09:04:46,42.8711,-97.3973,64.11,88,1,10.36
362,Saskylakh,RU,2021-08-01 09:04:47,71.9167,114.0833,83.66,24,74,9.44
363,Chikwawa,MW,2021-08-01 09:04:47,-16.0335,34.8009,77.83,46,51,8.25
364,Porto San Giorgio,IT,2021-08-01 09:04:47,43.1827,13.7934,98.82,57,71,1.72
365,Merauke,ID,2021-08-01 09:04:48,-8.4667,140.3333,78.42,74,55,16.44
366,Port Augusta,AU,2021-08-01 09:04:48,-32.5,137.7667,55.54,51,4,5.91
367,Rostovka,RU,2021-08-01 09:04:48,55.3842,71.8891,79.93,45,98,5.28
368,Krasnogorsk,RU,2021-08-01 09:04:49,55.8225,37.3181,78.19,47,0,11.18
369,Nome,US,2021-08-01 09:04:49,64.5011,-165.4064,48.27,87,90,4.61
370,Okha,RU,2021-08-01 09:04:49,53.5739,142.9478,56.66,76,93,7.29
371,Poronaysk,RU,2021-08-01 09:04:50,49.2167,143.1167,59.27,67,99,7.85
372,Obo,CF,2021-08-01 09:04:50,5.3998,26.4869,74.19,86,99,2.62
373,Itarema,BR,2021-08-01 09:04:50,-2.9248,-39.9167,74.46,81,93,13.91
374,Aloleng,PH,2021-08-01 09:04:50,16.1307,119.7824,83.12,83,100,18.3
375,Cidreira,BR,2021-08-01 09:04:51,-30.1811,-50.2056,51.82,90,63,6.17
376,Klaksvik,FO,2021-08-01 09:04:51,62.2266,-6.589,49.12,77,98,11.59
377,Praia,CV,2021-08-01 09:04:51,14.9215,-23.5087,77.54,69,75,11.5
378,Tilichiki,RU,2021-08-01 09:04:52,60.4667,166.1,50.86,60,91,7.07
379,Lakes Entrance,AU,2021-08-01 09:04:52,-37.8811,147.981,49.17,73,1,9.19
380,Santander,ES,2021-08-01 09:04:52,43.4647,-3.8044,67.6,78,20,7.0
381,Dalvik,IS,2021-08-01 09:04:53,65.9702,-18.5286,55.85,69,100,0.85
382,Loandjili,CG,2021-08-01 09:04:53,-4.7561,11.8578,75.97,72,96,4.88
383,Saint-Augustin,CA,2021-08-01 09:04:53,51.226,-58.6502,50.86,85,38,7.45
384,Korem,ET,2021-08-01 09:04:54,12.5058,39.5228,62.6,67,100,8.01
385,Huarmey,PE,2021-08-01 09:04:54,-10.0681,-78.1522,63.25,87,62,6.93
386,Vulcan,RO,2021-08-01 09:04:54,45.3833,23.2667,85.84,32,0,6.08
387,Zhanakorgan,KZ,2021-08-01 09:04:55,43.9098,67.2495,98.91,6,0,27.13
388,Tazovskiy,RU,2021-08-01 09:04:55,67.4667,78.7,60.62,52,100,8.05
389,Sinnamary,GF,2021-08-01 09:04:55,5.3833,-52.95,76.46,88,83,5.03
390,Kununurra,AU,2021-08-01 09:04:56,-15.7667,128.7333,87.78,40,63,3.44
391,Dana Point,US,2021-08-01 09:00:58,33.467,-117.6981,74.93,90,3,1.01
392,Charyshskoye,RU,2021-08-01 09:04:56,51.3978,83.5598,79.0,41,22,1.19
393,Ribeira Brava,PT,2021-08-01 09:04:57,32.65,-17.0667,74.71,72,9,5.79
394,Prince Rupert,CA,2021-08-01 09:04:57,54.3161,-130.3201,55.49,100,90,0.0
395,Abnub,EG,2021-08-01 09:04:57,27.2696,31.1511,101.05,13,14,3.69
396,Marsa Matruh,EG,2021-08-01 09:04:58,31.3525,27.2453,88.7,57,0,16.26
397,Kiruna,SE,2021-08-01 09:04:58,67.8557,20.2251,47.32,81,90,8.05
398,Serenje,ZM,2021-08-01 09:04:58,-13.2325,30.2352,60.31,68,89,9.22
399,Bandundu,CD,2021-08-01 09:04:59,-3.3167,17.3667,92.48,31,77,3.69
400,Taoudenni,ML,2021-08-01 09:04:59,22.6783,-3.9836,100.58,24,1,15.97
401,Turukhansk,RU,2021-08-01 09:04:59,65.8167,87.9833,57.7,89,100,7.25
402,Katsuura,JP,2021-08-01 09:05:00,35.1333,140.3,87.12,80,11,7.92
403,Abu Dhabi,AE,2021-08-01 09:04:04,24.4667,54.3667,113.11,11,0,6.91
404,Teguise,ES,2021-08-01 09:05:00,29.0605,-13.564,68.22,73,20,32.21
405,Lompoc,US,2021-08-01 09:00:37,34.6391,-120.4579,60.48,94,1,6.89
406,Pamanukan,ID,2021-08-01 09:05:01,-6.2842,107.8106,86.52,60,14,10.49
407,Jasper,US,2021-08-01 09:00:16,37.2001,-94.3502,74.26,94,75,1.01
408,Sungairaya,ID,2021-08-01 09:05:01,0.7,108.9,86.49,65,28,9.93
409,Goalpara,IN,2021-08-01 09:05:01,26.1667,90.6167,88.25,71,41,8.57
410,La Ronge,CA,2021-08-01 09:05:02,55.1001,-105.2842,58.03,59,0,3.89
411,Olovyannaya,RU,2021-08-01 09:05:02,50.95,115.5667,72.32,40,45,7.25
412,Bethel,US,2021-08-01 09:05:03,41.3712,-73.414,61.02,91,1,0.0
413,Salalah,OM,2021-08-01 09:05:03,17.0151,54.0924,80.69,83,90,12.66
414,Nunkini,MX,2021-08-01 09:05:03,20.3333,-90.1833,74.34,95,100,4.25
415,Kletskaya,RU,2021-08-01 09:05:03,49.3145,43.0584,95.45,24,3,2.71
416,Longyearbyen,SJ,2021-08-01 09:05:04,78.2186,15.6401,48.04,61,20,13.8
417,Progreso,MX,2021-08-01 09:05:04,21.2833,-89.6667,77.11,89,99,9.1
418,Gizo,SB,2021-08-01 09:05:05,-8.103,156.8419,81.1,79,90,15.61
419,San Patricio,US,2021-08-01 09:05:05,28.017,-97.5169,84.07,81,21,7.72
420,Labrea,BR,2021-08-01 09:05:05,-7.2586,-64.7981,64.45,64,0,2.37
421,Radovitskiy,RU,2021-08-01 09:05:05,55.1282,39.7956,81.16,41,100,7.34
422,Poso,ID,2021-08-01 09:05:06,-1.3959,120.7524,82.58,80,100,1.32
423,Fiumicino,IT,2021-08-01 09:05:06,41.7675,12.2291,93.49,59,0,12.66
424,Barcelona,ES,2021-08-01 09:01:14,41.3888,2.159,73.33,65,20,3.0
425,Clarence Town,AU,2021-08-01 09:05:07,-32.5833,151.7833,65.86,65,72,6.67
426,Kedrovyy,RU,2021-08-01 09:05:07,56.1667,91.8167,75.61,64,100,2.28
427,Port-Gentil,GA,2021-08-01 09:05:07,-0.7193,8.7815,76.39,76,36,7.16
428,Norman Wells,CA,2021-08-01 09:05:08,65.282,-126.8329,64.9,63,0,3.85
429,Zanjan,IR,2021-08-01 09:05:08,36.6736,48.4787,81.23,37,28,10.18
430,Tubuala,PA,2021-08-01 09:05:08,9.5167,-79.0333,80.33,82,81,9.82
431,Tortoli,IT,2021-08-01 09:05:08,39.9256,9.6572,95.99,34,95,6.82
432,Constantine,DZ,2021-08-01 09:05:09,36.365,6.6147,88.23,29,78,5.61
433,Kloulklubed,PW,2021-08-01 09:05:09,7.0419,134.2556,84.42,74,100,13.0
434,Loubomo,CG,2021-08-01 09:05:09,-4.1997,12.6739,79.03,58,28,2.91
435,Kirillov,RU,2021-08-01 09:05:10,59.863,38.3813,71.53,53,83,10.11
436,Anzio,IT,2021-08-01 09:05:10,41.4853,12.6179,92.86,67,34,15.7
437,Chulym,RU,2021-08-01 09:05:10,55.0997,80.9572,80.51,43,84,7.45
438,Presidencia Roque Saenz Pena,AR,2021-08-01 09:05:11,-26.7852,-60.4388,50.68,64,6,2.95
439,Yuzhne,UA,2021-08-01 09:05:11,46.6221,31.1013,84.42,57,1,11.03
440,Parnamirim,BR,2021-08-01 09:00:15,-5.9156,-35.2628,69.94,91,77,9.22
441,Terrace,CA,2021-08-01 09:05:12,54.5163,-128.6035,63.43,95,7,1.48
442,Griffith,US,2021-08-01 09:02:11,41.5284,-87.4237,69.91,90,1,3.44
443,Rio Grande,BR,2021-08-01 09:05:12,-32.035,-52.0986,43.95,93,13,2.75
444,Southbridge,US,2021-08-01 09:05:12,42.0751,-72.0334,56.95,96,14,2.71
445,San Marcos,US,2021-08-01 09:01:37,33.1434,-117.1661,75.11,85,1,1.41
446,Winona,US,2021-08-01 09:05:13,43.9666,-91.7668,62.4,100,1,3.44
447,Nara,JP,2021-08-01 09:01:17,34.6851,135.8049,88.97,68,100,1.34
448,Sussex,US,2021-08-01 09:00:14,41.1834,-74.6663,62.02,88,54,0.65
449,Kaolinovo,BG,2021-08-01 09:05:13,43.6167,27.1167,95.79,33,0,1.9
450,Guerrero Negro,MX,2021-08-01 09:04:50,27.9769,-114.0611,70.79,83,7,7.83
451,Karangampel,ID,2021-08-01 09:05:14,-6.4622,108.4519,85.46,64,38,14.16
452,Fairbanks,US,2021-08-01 09:05:14,64.8378,-147.7164,66.2,68,1,3.44
453,Zambezi,ZM,2021-08-01 09:05:15,-13.5432,23.1047,75.02,31,0,10.94
454,Solnechnyy,RU,2021-08-01 09:05:15,50.7214,136.6319,53.58,88,92,6.93
455,Misratah,LY,2021-08-01 09:05:15,32.3754,15.0925,91.85,39,0,4.97
456,Port Blair,IN,2021-08-01 09:05:16,11.6667,92.75,83.62,79,100,20.07
457,Bryant,US,2021-08-01 09:05:16,34.5959,-92.4891,81.68,88,0,4.18
458,Rio Brilhante,BR,2021-08-01 09:05:16,-21.8019,-54.5464,57.47,63,86,5.44
459,Kapustin Yar,RU,2021-08-01 09:05:17,48.5831,45.7372,97.9,13,0,6.89
460,Spearfish,US,2021-08-01 09:05:17,44.4908,-103.8594,67.21,56,1,3.0
461,Miri,MY,2021-08-01 09:05:17,4.4148,114.0089,85.46,71,81,9.91
462,Bunol,ES,2021-08-01 09:05:18,39.4167,-0.7833,77.52,33,7,6.42
463,Snasa,NO,2021-08-01 09:05:18,64.2457,12.3778,54.63,70,100,9.01
464,Kirkwall,GB,2021-08-01 09:05:18,58.9848,-2.9587,53.65,76,75,13.8
465,Nishihara,JP,2021-08-01 09:05:19,26.1842,127.7558,82.06,95,75,13.8
466,Ontario,US,2021-08-01 09:05:19,34.0633,-117.6509,85.82,46,75,3.44
467,Asfi,MA,2021-08-01 09:05:19,32.2994,-9.2372,70.16,67,0,17.25
468,Temyasovo,RU,2021-08-01 09:05:20,52.9933,58.1014,84.56,37,35,14.54
469,Moron,AR,2021-08-01 09:05:20,-34.6534,-58.6198,47.98,96,0,4.18
470,Gari,RU,2021-08-01 09:05:20,59.4307,62.3497,78.94,45,68,10.54
471,Peru,US,2021-08-01 09:05:21,40.7537,-86.0689,63.84,92,1,6.91
472,Koslan,RU,2021-08-01 09:05:21,63.4564,48.8989,69.33,60,63,8.66
473,Wajima,JP,2021-08-01 09:05:21,37.4,136.9,82.02,77,58,7.45
474,Zavyalovo,RU,2021-08-01 09:05:22,54.5053,82.4484,84.02,45,24,3.0
475,Presidente Epitacio,BR,2021-08-01 09:05:22,-21.7633,-52.1156,53.47,70,90,9.57
476,Berlevag,NO,2021-08-01 09:05:22,70.8578,29.0864,48.34,96,100,3.53
477,Bathsheba,BB,2021-08-01 09:05:23,13.2167,-59.5167,79.99,77,17,13.35
478,Muros,ES,2021-08-01 09:05:23,42.7762,-9.0603,67.23,83,69,6.53
479,Beroroha,MG,2021-08-01 09:05:23,-21.6667,45.1667,83.68,24,0,6.53
480,Sebring,US,2021-08-01 09:03:17,27.4956,-81.4409,78.71,92,1,4.61
481,Dandong,CN,2021-08-01 09:05:24,40.1292,124.3947,81.73,76,88,7.31
482,Baker City,US,2021-08-01 09:05:24,44.7749,-117.8344,66.6,95,90,5.75
483,Santa Marta,CO,2021-08-01 09:05:24,11.2408,-74.199,82.98,75,3,7.0
484,Marawi,PH,2021-08-01 09:05:25,7.9986,124.2928,75.4,88,99,0.76
485,Aviles,ES,2021-08-01 09:05:25,43.5547,-5.9248,67.77,68,75,3.0
486,Lensk,RU,2021-08-01 09:05:25,60.7253,114.9278,81.93,27,80,10.36
487,Camacha,PT,2021-08-01 09:05:26,33.0833,-16.3333,69.22,64,20,14.97
488,Roald,NO,2021-08-01 09:05:26,62.5833,6.1333,58.15,76,40,12.66
489,Bereda,ES,2021-08-01 09:05:26,43.2686,-7.5406,61.14,76,95,3.53
490,Zastron,ZA,2021-08-01 09:05:26,-30.3023,27.084,56.84,18,73,6.35
491,La Palma,US,2021-08-01 09:05:27,33.8464,-118.0467,79.36,83,1,1.99
492,Naze,JP,2021-08-01 09:05:27,28.3667,129.4833,79.95,86,88,13.71
493,Poum,NC,2021-08-01 09:05:27,-20.2333,164.0167,70.0,59,8,19.26
494,Polangi,PH,2021-08-01 09:05:28,11.5265,124.9212,87.35,68,39,6.49
495,Never,FR,2021-08-01 09:05:28,46.9896,3.159,66.43,81,100,6.62
496,Rawson,AR,2021-08-01 09:05:28,-43.3002,-65.1023,43.83,57,90,15.46
497,Akniste,LV,2021-08-01 09:05:29,56.1615,25.7478,72.73,50,8,14.09
498,Half Moon Bay,US,2021-08-01 09:05:29,37.4636,-122.4286,64.06,89,90,0.0
499,Zielona Gora,PL,2021-08-01 09:05:29,51.9355,15.5064,69.06,55,100,1.92
500,Collie,AU,2021-08-01 09:05:30,-33.3667,116.15,50.99,62,5,9.37
501,Ereymentau,KZ,2021-08-01 09:05:30,51.6199,73.1033,84.56,31,96,8.95
502,Alofi,NU,2021-08-01 09:05:30,-19.0595,-169.9187,77.95,85,59,26.69
503,Mihai Viteazu,RO,2021-08-01 09:05:30,46.5333,23.75,78.76,61,1,6.91
504,Mana,GF,2021-08-01 09:05:31,5.6592,-53.7767,75.78,89,81,3.94
505,Sabancuy,MX,2021-08-01 09:05:31,18.9667,-91.1833,76.37,88,38,7.25
506,Boditi,ET,2021-08-01 09:05:31,6.9667,37.8667,60.71,77,100,8.93
507,Hanna,CA,2021-08-01 09:00:49,51.6334,-111.9018,67.87,49,3,3.0
508,Tiznit,MA,2021-08-01 09:05:32,29.5833,-9.5,83.19,33,0,4.29
509,Gambela,ET,2021-08-01 09:05:32,8.25,34.5833,79.95,72,100,2.37
510,Vila Velha,BR,2021-08-01 09:05:32,-20.3297,-40.2925,70.97,81,75,4.61
511,Najran,SA,2021-08-01 09:05:33,17.4924,44.1277,94.5,19,29,11.25
512,Liuli,TZ,2021-08-01 09:05:33,-11.0833,34.6333,75.29,54,83,5.41
513,Dallas,US,2021-08-01 09:04:02,32.7668,-96.7836,85.48,76,1,4.61
514,Mareeba,AU,2021-08-01 09:05:33,-17.0,145.4333,69.44,84,64,5.88
515,Lingao,CN,2021-08-01 09:05:34,19.9103,109.6859,82.74,83,100,16.11
516,Oranjemund,NA,2021-08-01 09:05:34,-28.55,16.4333,73.4,24,2,8.14
517,Westminster,US,2021-08-01 09:05:35,39.8367,-105.0372,65.75,89,1,1.99
518,Margate,GB,2021-08-01 09:00:55,51.3813,1.3862,65.7,75,58,3.0
519,Imeni Poliny Osipenko,RU,2021-08-01 09:05:35,52.4201,136.4853,53.13,89,100,4.29
520,Cabedelo,BR,2021-08-01 09:05:36,-6.9811,-34.8339,74.07,85,46,16.17
521,Kintinku,TZ,2021-08-01 09:05:36,-5.8833,35.2333,76.3,42,77,9.1
522,Jakar,BT,2021-08-01 09:05:36,27.5492,90.7525,67.53,89,90,3.8
523,Buala,SB,2021-08-01 09:05:36,-8.145,159.5921,78.91,84,100,6.85
524,Dosso,NE,2021-08-01 09:05:37,13.049,3.1937,82.74,63,83,14.83
525,Lodja,CD,2021-08-01 09:05:37,-3.4833,23.4333,92.89,18,81,6.06
526,Alice Springs,AU,2021-08-01 09:05:37,-23.7,133.8833,74.21,21,40,11.99
527,Dharchula,IN,2021-08-01 09:05:38,29.85,80.5333,80.37,82,97,3.65
528,Yeppoon,AU,2021-08-01 09:05:38,-23.1333,150.7333,69.58,82,4,11.32
529,Ola,RU,2021-08-01 09:05:38,59.5833,151.2833,57.33,83,35,4.32
530,Bara,NG,2021-08-01 09:05:39,10.3744,10.7288,78.15,79,100,9.13
531,Gawler,AU,2021-08-01 09:05:39,-34.6,138.7333,53.55,79,2,5.01
532,Juba,SS,2021-08-01 09:05:39,4.8517,31.5825,79.93,70,100,1.88
533,Penzance,GB,2021-08-01 09:05:40,50.1186,-5.5371,63.77,90,83,15.66
534,Whitehorse,CA,2021-08-01 09:05:40,60.7161,-135.0538,60.31,55,96,3.0
535,Myanaung,MM,2021-08-01 09:05:40,18.2833,95.3167,84.04,74,96,7.63
536,Hokitika,NZ,2021-08-01 09:05:41,-42.7167,170.9667,50.45,93,100,2.51
537,Oro Valley,US,2021-08-01 09:05:41,32.3909,-110.9665,81.72,69,86,1.01
538,Chau Doc,VN,2021-08-01 09:05:41,10.7,105.1167,90.14,57,99,18.84
539,Hadejia,NG,2021-08-01 09:05:41,12.4498,10.0444,82.6,66,99,11.74
540,Carauari,BR,2021-08-01 09:05:42,-4.8828,-66.8958,70.95,54,97,3.09
541,Stephenville,US,2021-08-01 09:05:42,32.2207,-98.2023,80.6,81,1,0.0
542,Saint-Joseph,RE,2021-08-01 09:05:42,-21.3667,55.6167,75.58,77,26,13.2
543,Manokwari,ID,2021-08-01 09:05:43,-0.8667,134.0833,81.97,75,96,1.23
544,Roebourne,AU,2021-08-01 09:05:43,-20.7833,117.1333,73.45,37,6,12.1
545,Monki,PL,2021-08-01 09:05:43,53.405,22.7979,70.39,54,100,6.26
546,Zheleznodorozhnyy,RU,2021-08-01 09:05:44,55.7503,38.0042,78.37,43,100,8.39
547,Dong Xoai,VN,2021-08-01 09:05:16,11.5333,106.9167,84.45,82,100,4.94
548,Canatlan,MX,2021-08-01 09:05:44,24.5167,-104.7833,64.33,69,74,3.69
549,Nizwa,OM,2021-08-01 09:05:44,22.9333,57.5333,105.67,15,12,5.19
550,Danane,CI,2021-08-01 09:05:45,7.2596,-8.155,71.08,98,100,2.71
551,Upington,ZA,2021-08-01 09:02:15,-28.4478,21.2561,69.08,24,3,14.43
552,Ambanja,MG,2021-08-01 09:05:45,-13.6833,48.45,84.88,33,0,5.86
553,Tarrafal,CV,2021-08-01 09:05:46,15.2833,-23.7667,77.79,76,100,11.99
554,Nantucket,US,2021-08-01 09:02:58,41.2835,-70.0995,65.97,89,1,0.0
555,Verkh-Usugli,RU,2021-08-01 09:05:46,52.7,115.1667,66.47,48,99,2.62
556,Leirvik,NO,2021-08-01 09:05:46,59.7798,5.5005,61.63,77,40,12.66
557,Okhotsk,RU,2021-08-01 09:05:47,59.3833,143.3,68.07,65,0,7.14
558,Comodoro Rivadavia,AR,2021-08-01 09:05:47,-45.8667,-67.5,57.06,14,0,20.71
559,Rorvik,NO,2021-08-01 09:05:47,64.8621,11.2373,53.15,75,95,15.57
560,Coari,BR,2021-08-01 09:05:48,-4.085,-63.1414,72.61,62,92,3.06
561,Nguruka,TZ,2021-08-01 09:05:48,-5.1092,31.0419,80.6,28,0,10.0
562,Mbandaka,CD,2021-08-01 09:05:48,0.0487,18.2603,84.22,52,100,3.4
563,Hay River,CA,2021-08-01 09:05:48,60.8156,-115.7999,64.44,63,3,5.46
564,Ambon,ID,2021-08-01 09:05:49,-3.6954,128.1814,81.16,80,100,11.18
565,Namibe,AO,2021-08-01 09:05:49,-15.1961,12.1522,81.57,35,0,2.8
566,Auburn,US,2021-08-01 09:05:50,47.3073,-122.2284,70.95,78,90,1.01
567,Tashla,RU,2021-08-01 09:05:50,51.7716,52.7427,94.75,27,5,10.87
568,Hecun,CN,2021-08-01 09:05:50,36.5333,114.1111,84.74,59,2,9.91
